From File,To File,References,From Entities,To Entities
"Application.java","Controller.java",8,7,4
"Application.java","RedirectException.java",2,2,2
"Application.java","Router.java",1,1,1
"Application.java","User.java",3,2,2
"Application.java","Validation.java",1,1,1
"AugmentedController.java","Controller.java",6,4,4
"AugmentedController.java","Router.java",2,2,2
"AuthenticationFailedExceptionMapper.java","RenardeSecurity.java",6,3,3
"BackofficeController.java","Controller.java",2,2,1
"BackofficeIndexController.java","Controller.java",2,2,1
"BackUtil.java","FileUtils.java",3,3,2
"BackUtil.java","JavaExtensions.java",8,5,8
"BackUtil.java","NamedBlob.java",14,3,5
"BarCodesTest.java","QuteCode128Code.java",3,2,2
"BarCodesTest.java","QuteCode39Code.java",3,2,2
"BarCodesTest.java","QuteCode93Code.java",3,2,2
"BarCodesTest.java","QuteDataMatrix.java",3,2,2
"BarCodesTest.java","QuteEan13Code.java",3,2,2
"BarCodesTest.java","QuteEan8Code.java",3,2,2
"BarCodesTest.java","QuteQrCode.java",3,2,2
"BarCodesTest.java","QuteUpcACode.java",3,2,2
"BarCodesTest.java","QuteUpcECode.java",3,2,2
"BinaryFieldProcessor.java","BackUtil.java",1,1,1
"BinaryFieldProcessor.java","FieldProcessingContext.java",6,1,4
"BinaryFieldProcessor.java","FieldProcessor.java",1,1,1
"BinaryFieldProcessor.java","ModelField.java",10,3,6
"BinaryFieldProcessor.java","NamedBlob.java",1,1,1
"BooleanFieldProcessor.java","BackUtil.java",1,1,1
"BooleanFieldProcessor.java","FieldProcessingContext.java",6,1,3
"BooleanFieldProcessor.java","FieldProcessor.java",1,1,1
"BooleanFieldProcessor.java","ModelField.java",5,3,5
"ConstraintedEntities.java","BackofficeController.java",2,2,1
"ConstraintedEntities.java","ConstraintedEntity.java",2,2,1
"ConstraintedEntity.java","RelatedConstraintedEntity.java",1,1,1
"Controller.java","Flash.java",4,4,3
"Controller.java","I18N.java",2,2,1
"Controller.java","RedirectException.java",3,2,2
"Controller.java","RenderArgs.java",2,2,1
"Controller.java","Validation.java",4,4,3
"ControllerVisitor.java","Controller.java",2,2,1
"ControllerVisitor.java","Router.java",3,3,1
"ControllerVisitor.java","RouterMethodVisitor.java",3,2,2
"ControllerWithUser.java","Controller.java",2,2,1
"ControllerWithUser.java","RenardeSecurity.java",2,2,2
"ControllerWithUser.java","RenardeUser.java",1,1,1
"CsrfDisabledTest.java","Controller.java",2,2,1
"CSRFFilter.java","CSRF.java",6,2,3
"CsrfTest.java","Controller.java",2,2,1
"CustomIdEntities.java","BackofficeController.java",2,2,1
"CustomIdEntities.java","CustomIdEntity.java",2,2,1
"CustomIdEntity.java","CustomIdOneToManyEntity.java",1,1,1
"CustomIdEntity.java","NamedBlob.java",2,2,1
"CustomIdOneToManyEntities.java","BackofficeController.java",2,2,1
"CustomIdOneToManyEntities.java","CustomIdOneToManyEntity.java",2,2,1
"CustomIdOneToManyEntity.java","CustomIdEntity.java",1,1,1
"CustomLoginControllerTest.java","Controller.java",2,2,1
"CustomLoginControllerTest.java","LoginPage.java",2,2,1
"CustomLoginControllerTest.java","RenardeSecurity.java",3,3,2
"CustomLoginControllerTest.java","RenardeUser.java",2,2,1
"CustomLoginControllerTest.java","RenardeUserProvider.java",2,2,1
"CustomLoginControllerTest.java","RenardeUserWithPassword.java",2,2,1
"CustomLoginControllerTest.java","Router.java",1,1,1
"DatabaseTransporter.java","EntityTransporter.java",4,3,4
"DatabaseTransporter.java","InstanceResolver.java",1,1,1
"DatabaseTransporter.java","ValueTransformer.java",1,1,1
"DateFieldProcessor.java","BackUtil.java",1,1,1
"DateFieldProcessor.java","FieldProcessingContext.java",11,1,3
"DateFieldProcessor.java","FieldProcessor.java",1,1,1
"DateFieldProcessor.java","ModelField.java",14,3,8
"DefaultTenantProvider.java","RenardeTenantProvider.java",2,2,1
"DefaultUserProvider.java","RenardeUser.java",2,2,1
"DefaultUserProvider.java","RenardeUserProvider.java",2,2,1
"EnumFieldProcessor.java","BackUtil.java",1,1,1
"EnumFieldProcessor.java","FieldProcessingContext.java",6,1,3
"EnumFieldProcessor.java","FieldProcessor.java",1,1,1
"EnumFieldProcessor.java","ModelField.java",6,3,6
"ExampleEntities.java","BackofficeController.java",2,2,1
"ExampleEntities.java","ExampleEntity.java",2,2,1
"ExampleEntity.java","ExampleEnum.java",3,3,1
"ExampleEntity.java","ManyToManyNotOwningEntity.java",1,1,1
"ExampleEntity.java","ManyToManyOwningEntity.java",1,1,1
"ExampleEntity.java","ManyToOneEntity.java",1,1,1
"ExampleEntity.java","NamedBlob.java",2,2,1
"ExampleEntity.java","OneToManyEntity.java",1,1,1
"ExampleEntity.java","OneToOneNotOwningEntity.java",1,1,1
"ExampleEntity.java","OneToOneOwningEntity.java",1,1,1
"ExceptionMappers.java","Controller.java",2,2,1
"FieldProcessingContext.java","Mode.java",3,3,1
"FieldProcessingContext.java","ModelField.java",4,4,1
"FieldProcessor.java","ModelField.java",1,1,1
"FieldProcessorRegistry.java","BinaryFieldProcessor.java",1,1,1
"FieldProcessorRegistry.java","BooleanFieldProcessor.java",1,1,1
"FieldProcessorRegistry.java","DateFieldProcessor.java",1,1,1
"FieldProcessorRegistry.java","EnumFieldProcessor.java",1,1,1
"FieldProcessorRegistry.java","FieldProcessor.java",5,4,3
"FieldProcessorRegistry.java","JsonFieldProcessor.java",1,1,1
"FieldProcessorRegistry.java","ModelField.java",3,2,3
"FieldProcessorRegistry.java","MultiRelationFieldProcessor.java",1,1,1
"FieldProcessorRegistry.java","NumberFieldProcessor.java",1,1,1
"FieldProcessorRegistry.java","RelationFieldProcessor.java",1,1,1
"FieldProcessorRegistry.java","TextFieldProcessor.java",1,1,1
"FieldTypeInfo.java","ModelField.java",3,2,2
"Filters.java","Flash.java",3,3,3
"Filters.java","I18N.java",3,3,3
"Flash.java","ValidationContext.java",4,3,4
"GlobalsTest.java","Controller.java",2,2,1
"HtmxApp.java","ContactService.java",20,8,6
"HtmxApp.java","Controller.java",1,1,1
"HtmxApp.java","HxController.java",5,4,4
"HxController.java","Controller.java",5,5,4
"HxController.java","Flash.java",1,1,1
"HxControllerTest.java","HxController.java",11,8,8
"I18N.java","RenardeConfigBean.java",3,3,2
"InstanceResolver.java","DatabaseTransporter.java",2,1,1
"InstanceResolver.java","EntityTransporter.java",1,1,1
"JavaExtensions.java","FileUtils.java",2,2,1
"JsonFieldProcessor.java","BackUtil.java",1,1,1
"JsonFieldProcessor.java","FieldProcessingContext.java",6,1,3
"JsonFieldProcessor.java","FieldProcessor.java",1,1,1
"JsonFieldProcessor.java","ModelField.java",6,3,6
"JWTLocationCookieDisabledTest.java","ControllerWithUser.java",3,3,2
"JWTLocationCookieDisabledTest.java","Flash.java",5,2,3
"JWTLocationCookieDisabledTest.java","RenardeUser.java",2,2,1
"JWTLocationCookieDisabledTest.java","RenardeUserProvider.java",2,2,1
"JWTLocationCookieDisabledTest.java","RenardeUserWithPassword.java",2,2,1
"JWTTest.java","ControllerWithUser.java",3,3,2
"JWTTest.java","Flash.java",3,2,3
"JWTTest.java","RenardeUser.java",2,2,1
"JWTTest.java","RenardeUserProvider.java",2,2,1
"JWTTest.java","RenardeUserWithPassword.java",2,2,1
"LanguageDevModeTest.java","Controller.java",3,3,2
"LanguageDevModeTest.java","I18N.java",1,1,1
"LanguageTest.java","Controller.java",10,6,3
"LanguageTest.java","I18N.java",17,9,6
"LanguageTest.java","Validation.java",1,1,1
"LoginControllerLocationCookieDisabledTest.java","Controller.java",2,2,1
"LoginControllerLocationCookieDisabledTest.java","RenardeUser.java",2,2,1
"LoginControllerLocationCookieDisabledTest.java","RenardeUserProvider.java",2,2,1
"LoginControllerLocationCookieDisabledTest.java","RenardeUserWithPassword.java",2,2,1
"LoginControllerTest.java","Controller.java",2,2,1
"LoginControllerTest.java","RenardeUser.java",2,2,1
"LoginControllerTest.java","RenardeUserProvider.java",2,2,1
"LoginControllerTest.java","RenardeUserWithPassword.java",2,2,1
"LoginPageBuildItem.java","ControllerVisitor.java",7,2,4
"ManyToManyNotOwningEntities.java","BackofficeController.java",2,2,1
"ManyToManyNotOwningEntities.java","ManyToManyNotOwningEntity.java",2,2,1
"ManyToManyNotOwningEntity.java","ExampleEntity.java",1,1,1
"ManyToManyOwningEntities.java","BackofficeController.java",2,2,1
"ManyToManyOwningEntities.java","ManyToManyOwningEntity.java",2,2,1
"ManyToManyOwningEntity.java","ExampleEntity.java",1,1,1
"ManyToOneEntities.java","BackofficeController.java",2,2,1
"ManyToOneEntities.java","ManyToOneEntity.java",2,2,1
"ManyToOneEntity.java","ExampleEntity.java",1,1,1
"MockAppleOidcTestResource.java","MockAppleOidc.java",1,1,1
"MockAppleOidcTestResource.java","MockOidcTestResource.java",7,5,5
"MockFacebookOidcTestResource.java","MockFacebookOidc.java",1,1,1
"MockFacebookOidcTestResource.java","MockOidcTestResource.java",9,5,5
"MockGithubOidcTestResource.java","MockGithubOidc.java",1,1,1
"MockGithubOidcTestResource.java","MockOidcTestResource.java",6,3,4
"MockGoogleOidcTestResource.java","MockGoogleOidc.java",1,1,1
"MockGoogleOidcTestResource.java","MockOidcTestResource.java",9,4,4
"MockMicrosoftOidcTestResource.java","MockMicrosoftOidc.java",1,1,1
"MockMicrosoftOidcTestResource.java","MockOidcTestResource.java",13,5,4
"MockSpotifyOidcTestResource.java","MockOidcTestResource.java",9,4,4
"MockSpotifyOidcTestResource.java","MockTwitterOidc.java",1,1,1
"MockTwitterOidcTestResource.java","MockOidcTestResource.java",6,3,4
"MockTwitterOidcTestResource.java","MockTwitterOidc.java",1,1,1
"ModelField.java","FieldRelationInfo.java",32,8,7
"ModelField.java","FieldTypeInfo.java",43,13,6
"ModelField.java","FieldValidationInfo.java",17,6,7
"ModelField.java","JavaExtensions.java",2,2,2
"ModelField.java","NamedBlob.java",2,2,1
"MultiRelationFieldProcessor.java","FieldProcessingContext.java",6,1,6
"MultiRelationFieldProcessor.java","FieldProcessor.java",1,1,1
"MultiRelationFieldProcessor.java","Mode.java",1,1,1
"MultiRelationFieldProcessor.java","ModelField.java",35,5,9
"MyParamConverters.java","JavaExtensions.java",1,1,1
"MyParamConverters.java","StringUtils.java",2,2,1
"MyValidationInterceptor.java","Controller.java",2,2,1
"MyValidationInterceptor.java","Validation.java",2,2,2
"NativeRenardeResourceIT.java","RenardeResourceTest.java",1,1,1
"NoLoginControllerTest.java","Controller.java",2,2,1
"NoLoginControllerTest.java","RenardeUser.java",3,3,1
"NoLoginControllerTest.java","RenardeUserProvider.java",2,2,1
"NumberFieldProcessor.java","BackUtil.java",1,1,1
"NumberFieldProcessor.java","FieldProcessingContext.java",11,2,3
"NumberFieldProcessor.java","FieldProcessor.java",1,1,1
"NumberFieldProcessor.java","ModelField.java",5,3,5
"OidcHandler.java","Application.java",2,2,2
"OidcHandler.java","Flash.java",3,3,2
"OidcHandler.java","RedirectException.java",3,2,2
"OidcHandler.java","RenardeOidcHandler.java",2,2,1
"OidcHandler.java","RenardeOidcSecurity.java",7,3,5
"OidcHandler.java","Router.java",1,1,1
"OidcHandler.java","User.java",6,2,5
"OneToManyEntities.java","BackofficeController.java",2,2,1
"OneToManyEntities.java","OneToManyEntity.java",2,2,1
"OneToManyEntity.java","ExampleEntity.java",1,1,1
"OneToOneNotOwningEntities.java","BackofficeController.java",2,2,1
"OneToOneNotOwningEntities.java","OneToOneNotOwningEntity.java",2,2,1
"OneToOneNotOwningEntity.java","ExampleEntity.java",1,1,1
"OneToOneOwningEntities.java","BackofficeController.java",2,2,1
"OneToOneOwningEntities.java","OneToOneOwningEntity.java",2,2,1
"OneToOneOwningEntity.java","ExampleEntity.java",1,1,1
"ParamConversionTest.java","Controller.java",2,2,1
"ParamConversionTest.java","Router.java",68,27,2
"PdfController.java","Controller.java",2,2,1
"PdfController.java","Pdf.java",3,2,2
"PdfResponseHandler.java","Pdf.java",5,4,3
"QuteBarCode.java","Futures.java",1,1,1
"QuteBarCode.java","Util.java",7,3,5
"QuteCode128Code.java","QuteBarCode.java",3,2,3
"QuteCode39Code.java","QuteBarCode.java",3,2,3
"QuteCode93Code.java","QuteBarCode.java",3,2,3
"QuteDataMatrix.java","QuteBarCode.java",3,2,3
"QuteEan13Code.java","QuteBarCode.java",3,2,3
"QuteEan8Code.java","QuteBarCode.java",3,2,3
"QuteQrCode.java","QuteBarCode.java",3,2,3
"QuteResolvers.java","I18N.java",4,2,3
"QuteResolvers.java","RenderArgs.java",1,1,1
"QuteResolvers.java","Router.java",2,2,2
"QuteUpcACode.java","QuteBarCode.java",3,2,3
"QuteUpcECode.java","QuteBarCode.java",3,2,3
"RedirectExceptionMapper.java","RedirectException.java",1,1,1
"RedirectHook.java","Controller.java",6,5,4
"RedirectHook.java","Flash.java",2,1,2
"RelationFieldProcessor.java","BackUtil.java",1,1,1
"RelationFieldProcessor.java","FieldProcessingContext.java",4,1,3
"RelationFieldProcessor.java","FieldProcessor.java",1,1,1
"RelationFieldProcessor.java","ModelField.java",8,3,7
"RenardeBackofficeProcessor.java","BackofficeController.java",1,1,1
"RenardeBackofficeProcessor.java","BackofficeIndexController.java",1,1,1
"RenardeBackofficeProcessor.java","BackUtil.java",1,1,1
"RenardeBackofficeProcessor.java","Controller.java",2,2,1
"RenardeBackofficeProcessor.java","CreateAction.java",3,2,1
"RenardeBackofficeProcessor.java","EditAction.java",3,2,1
"RenardeBackofficeProcessor.java","ModelField.java",173,10,25
"RenardeBackofficeProcessor.java","NamedBlob.java",1,1,1
"RenardeBackofficeTest.java","ConstraintedEntity.java",10,2,9
"RenardeBackofficeTest.java","CustomIdEntity.java",40,9,5
"RenardeBackofficeTest.java","CustomIdOneToManyEntity.java",25,5,3
"RenardeBackofficeTest.java","ExampleEntity.java",180,8,43
"RenardeBackofficeTest.java","ExampleEnum.java",9,3,3
"RenardeBackofficeTest.java","JavaExtensions.java",19,4,8
"RenardeBackofficeTest.java","ManyToManyNotOwningEntity.java",4,3,1
"RenardeBackofficeTest.java","ManyToManyOwningEntity.java",6,4,2
"RenardeBackofficeTest.java","ManyToOneEntity.java",6,4,2
"RenardeBackofficeTest.java","NamedBlob.java",17,7,6
"RenardeBackofficeTest.java","OneToManyEntity.java",4,3,1
"RenardeBackofficeTest.java","OneToOneNotOwningEntity.java",4,3,1
"RenardeBackofficeTest.java","OneToOneOwningEntity.java",3,2,1
"RenardeBackofficeTest.java","RelatedConstraintedEntity.java",3,3,1
"RenardeBackofficeTest.java","RenardeCookieFilter.java",3,2,2
"RenardeFormLoginController.java","Controller.java",7,3,3
"RenardeFormLoginController.java","LoginPage.java",2,2,1
"RenardeFormLoginController.java","RenardeConfig.java",6,3,5
"RenardeFormLoginController.java","RenardeJWTAuthMechanism.java",3,3,2
"RenardeFormLoginController.java","RenardeSecurity.java",3,3,2
"RenardeFormLoginController.java","RenardeUserProvider.java",3,3,2
"RenardeFormLoginController.java","RenardeUserWithPassword.java",3,2,2
"RenardeFormLoginController.java","Validation.java",2,1,1
"RenardeHtmxPlaywrightTest.java","ContactService.java",14,7,7
"RenardeJWTAuthMechanism.java","RenardeConfig.java",6,3,5
"RenardeJWTAuthMechanism.java","RenardeConfigBean.java",6,3,2
"RenardeOidcController.java","Controller.java",3,3,2
"RenardeOidcController.java","RenardeOidcHandler.java",4,4,3
"RenardeOidcController.java","RenardeOidcSecurity.java",2,2,1
"RenardeOidcController.java","RenardeSecurity.java",3,3,2
"RenardeOidcSecurity.java","RenardeGithubClient.java",5,3,4
"RenardeOidcTenantProvider.java","RenardeTenantProvider.java",2,2,1
"RenardeOidcTest.java","MockAppleOidc.java",2,2,1
"RenardeOidcTest.java","MockFacebookOidc.java",2,2,1
"RenardeOidcTest.java","MockGithubOidc.java",2,2,1
"RenardeOidcTest.java","MockGoogleOidc.java",2,2,1
"RenardeOidcTest.java","MockMicrosoftOidc.java",2,2,1
"RenardeOidcTest.java","MockSpotifyOidc.java",2,2,1
"RenardeOidcTest.java","MockTwitterOidc.java",2,2,1
"RenardeOidcTest.java","RenardeCookieFilter.java",7,3,3
"RenardeProcessor.java","Controller.java",3,3,1
"RenardeProcessor.java","ControllerVisitor.java",24,4,16
"RenardeProcessor.java","ExcludedControllerBuildItem.java",5,3,3
"RenardeProcessor.java","Filters.java",2,2,1
"RenardeProcessor.java","Flash.java",1,1,1
"RenardeProcessor.java","Globals.java",1,1,1
"RenardeProcessor.java","HxController.java",3,3,1
"RenardeProcessor.java","I18N.java",1,1,1
"RenardeProcessor.java","JavaExtensions.java",1,1,1
"RenardeProcessor.java","LoginPageBuildItem.java",3,2,3
"RenardeProcessor.java","MyParamConverters.java",2,2,1
"RenardeProcessor.java","MyValidationInterceptor.java",1,1,1
"RenardeProcessor.java","QuteResolvers.java",1,1,1
"RenardeProcessor.java","RedirectExceptionMapper.java",2,2,1
"RenardeProcessor.java","RenardeConfigBean.java",1,1,1
"RenardeProcessor.java","RenardeJWTAuthMechanism.java",1,1,1
"RenardeProcessor.java","RenardeRecorder.java",3,3,3
"RenardeProcessor.java","RenardeValidationLocaleResolver.java",1,1,1
"RenardeProcessor.java","RenderArgs.java",1,1,1
"RenardeProcessor.java","Router.java",2,2,1
"RenardeProcessor.java","RouterMethod.java",1,1,1
"RenardeProcessor.java","RouterUserVisitor.java",1,1,1
"RenardeProcessor.java","Validation.java",1,1,1
"RenardeRecorder.java","RenardeConfigBean.java",2,2,2
"RenardeResourceTest.java","DisableCSRFFilter.java",2,2,1
"RenardeResourceTest.java","Flash.java",2,2,2
"RenardeResourceTest.java","RenardeCookieFilter.java",7,4,2
"RenardeSecurity.java","Flash.java",3,3,2
"RenardeSecurity.java","RedirectException.java",5,3,2
"RenardeSecurity.java","RenardeConfig.java",21,6,10
"RenardeSecurity.java","RenardeConfigBean.java",6,3,2
"RenardeSecurity.java","RenardeJWTAuthMechanism.java",2,2,2
"RenardeSecurity.java","RenardeTenantProvider.java",3,3,3
"RenardeSecurity.java","RenardeUser.java",4,2,4
"RenardeSecurity.java","RenardeUserProvider.java",2,2,2
"RenardeSecurityController.java","Controller.java",2,2,1
"RenardeSecurityController.java","RenardeSecurity.java",3,3,2
"RenardeTestExtension.java","CSRFFilter.java",1,1,1
"RenardeTestExtension.java","DisableCSRFFilter.java",1,1,1
"RenardeTransporterProcessor.java","EntityTransporter.java",2,2,1
"RenardeTransporterProcessor.java","InstanceResolver.java",1,1,1
"RenardeTransporterProcessor.java","ModelField.java",55,5,17
"RenardeTransporterProcessor.java","TransporterUtil.java",1,1,1
"RenardeTransporterProcessor.java","ValueTransformer.java",1,1,1
"RenardeUserProvider.java","RenardeUser.java",1,1,1
"RenardeUserWithPassword.java","RenardeUser.java",1,1,1
"RenardeValidationLocaleResolver.java","I18N.java",3,2,2
"Router.java","RouterMethod.java",2,2,2
"RouterMethodVisitor.java","ControllerVisitor.java",3,1,3
"RouterUserVisitor.java","RouterMethodVisitor.java",2,1,2
"RouterWithoutPrefixTest.java","Controller.java",7,7,1
"RouterWithoutPrefixTest.java","Router.java",1,1,1
"RouterWithPrefixTest.java","Controller.java",2,2,1
"RouterWithPrefixTest.java","Router.java",1,1,1
"SecureController.java","ControllerWithUser.java",3,3,2
"SecureController.java","User.java",3,3,2
"SecureEntitiesTest.java","BackofficeController.java",2,2,1
"SecureEntitiesTest.java","BackofficeIndexController.java",2,2,1
"SecureEntitiesWithUserTest.java","BackofficeController.java",2,2,1
"SecureEntitiesWithUserTest.java","BackofficeIndexController.java",2,2,1
"SecureEntitiesWithUserTest.java","RenardeUserWithPassword.java",2,2,1
"SelectedEntitiesTest.java","BackofficeController.java",2,2,1
"src_main_java_rest_Todos.java","Controller.java",3,3,2
"src_main_java_rest_Todos.java","src_main_java_model_Todo.java",5,3,4
"src_main_java_util_Startup.java","src_main_java_model_Todo.java",8,2,4
"Startup.java","src_main_java_model_Todo.java",8,2,4
"Startup.java","User.java",5,2,4
"TextFieldProcessor.java","BackUtil.java",1,1,1
"TextFieldProcessor.java","FieldProcessingContext.java",5,1,3
"TextFieldProcessor.java","FieldProcessor.java",1,1,1
"TextFieldProcessor.java","ModelField.java",8,3,6
"TodoMapper.java","src_main_java_model_Todo.java",8,6,3
"TodoMapper.java","TodoDTO.java",7,5,3
"Todos.java","Controller.java",3,3,2
"Todos.java","src_main_java_model_Todo.java",1,1,1
"Todos.java","TodoDTO.java",7,3,5
"Todos.java","TodoService.java",9,8,7
"TodoService.java","src_main_java_model_Todo.java",12,7,3
"TodoService.java","TodoDTO.java",5,5,1
"TodoService.java","TodoMapper.java",8,6,5
"TransporterTest.java","DatabaseTransporter.java",6,4,4
"TransporterUtil.java","InstanceResolver.java",3,3,3
"TransporterUtil.java","ValueTransformer.java",10,10,2
"UriBuilderWithoutPrefixTest.java","Controller.java",2,2,1
"UriBuilderWithPrefixTest.java","Controller.java",2,2,1
"User.java","RenardeUserWithPassword.java",2,2,1
"UserProvider.java","RenardeUser.java",2,2,1
"UserProvider.java","RenardeUserProvider.java",2,2,1
"UserProvider.java","User.java",3,2,3
"Validation.java","JavaExtensions.java",1,1,1
"Validation.java","ValidationContext.java",3,3,3
"ValidationController.java","Controller.java",2,2,1
